"Puesto","Equipo","UsuarioWindows","Tecnico","Fecha","TLS","Agente","Lector","Login","FirmaPrueba","Reconexion","ReinicioWindows","DosPestanas","Contingencia","Resultado","Observaciones"
"HES-01","","","","","PENDIENTE","PENDIENTE","PENDIENTE","PENDIENTE","PENDIENTE","PENDIENTE","PENDIENTE","PENDIENTE","PENDIENTE","PENDIENTE",""
"HES-02","","","","","PENDIENTE","PENDIENTE","PENDIENTE","PENDIENTE","PENDIENTE","PENDIENTE","PENDIENTE","PENDIENTE","PENDIENTE","PENDIENTE",""
"HES-03","","","","","PENDIENTE","PENDIENTE","PENDIENTE","PENDIENTE","PENDIENTE","PENDIENTE","PENDIENTE","PENDIENTE","PENDIENTE","PENDIENTE",""
"HES-04","","","","","PENDIENTE","PENDIENTE","PENDIENTE","PENDIENTE","PENDIENTE","PENDIENTE","PENDIENTE","PENDIENTE","PENDIENTE","PENDIENTE",""
"HES-05","","","","","PENDIENTE","PENDIENTE","PENDIENTE","PENDIENTE","PENDIENTE","PENDIENTE","PENDIENTE","PENDIENTE","PENDIENTE","PENDIENTE",""
"HES-06","","","","","PENDIENTE","PENDIENTE","PENDIENTE","PENDIENTE","PENDIENTE","PENDIENTE","PENDIENTE","PENDIENTE","PENDIENTE","PENDIENTE",""
"HES-07","","","","","PENDIENTE","PENDIENTE","PENDIENTE","PENDIENTE","PENDIENTE","PENDIENTE","PENDIENTE","PENDIENTE","PENDIENTE","PENDIENTE",""
"HES-08","","","","","PENDIENTE","PENDIENTE","PENDIENTE","PENDIENTE","PENDIENTE","PENDIENTE","PENDIENTE","PENDIENTE","PENDIENTE","PENDIENTE",""
"HES-09","","","","","PENDIENTE","PENDIENTE","PENDIENTE","PENDIENTE","PENDIENTE","PENDIENTE","PENDIENTE","PENDIENTE","PENDIENTE","PENDIENTE",""
"HES-10","","","","","PENDIENTE","PENDIENTE","PENDIENTE","PENDIENTE","PENDIENTE","PENDIENTE","PENDIENTE","PENDIENTE","PENDIENTE","PENDIENTE",""
"HES-11","","","","","PENDIENTE","PENDIENTE","PENDIENTE","PENDIENTE","PENDIENTE","PENDIENTE","PENDIENTE","PENDIENTE","PENDIENTE","PENDIENTE",""
"HES-12","","","","","PENDIENTE","PENDIENTE","PENDIENTE","PENDIENTE","PENDIENTE","PENDIENTE","PENDIENTE","PENDIENTE","PENDIENTE","PENDIENTE",""
"HES-13","","","","","PENDIENTE","PENDIENTE","PENDIENTE","PENDIENTE","PENDIENTE","PENDIENTE","PENDIENTE","PENDIENTE","PENDIENTE","PENDIENTE",""
"HES-14","","","","","PENDIENTE","PENDIENTE","PENDIENTE","PENDIENTE","PENDIENTE","PENDIENTE","PENDIENTE","PENDIENTE","PENDIENTE","PENDIENTE",""
"HES-15","","","","","PENDIENTE","PENDIENTE","PENDIENTE","PENDIENTE","PENDIENTE","PENDIENTE","PENDIENTE","PENDIENTE","PENDIENTE","PENDIENTE",""
"HES-16","","","","","PENDIENTE","PENDIENTE","PENDIENTE","PENDIENTE","PENDIENTE","PENDIENTE","PENDIENTE","PENDIENTE","PENDIENTE","PENDIENTE",""
"HES-17","","","","","PENDIENTE","PENDIENTE","PENDIENTE","PENDIENTE","PENDIENTE","PENDIENTE","PENDIENTE","PENDIENTE","PENDIENTE","PENDIENTE",""
"HES-18","","","","","PENDIENTE","PENDIENTE","PENDIENTE","PENDIENTE","PENDIENTE","PENDIENTE","PENDIENTE","PENDIENTE","PENDIENTE","PENDIENTE",""
"HES-19","","","","","PENDIENTE","PENDIENTE","PENDIENTE","PENDIENTE","PENDIENTE","PENDIENTE","PENDIENTE","PENDIENTE","PENDIENTE","PENDIENTE",""
"HES-20","","","","","PENDIENTE","PENDIENTE","PENDIENTE","PENDIENTE","PENDIENTE","PENDIENTE","PENDIENTE","PENDIENTE","PENDIENTE","PENDIENTE",""
"HES-21","","","","","PENDIENTE","PENDIENTE","PENDIENTE","PENDIENTE","PENDIENTE","PENDIENTE","PENDIENTE","PENDIENTE","PENDIENTE","PENDIENTE",""
"HES-22","","","","","PENDIENTE","PENDIENTE","PENDIENTE","PENDIENTE","PENDIENTE","PENDIENTE","PENDIENTE","PENDIENTE","PENDIENTE","PENDIENTE",""
"HES-23","","","","","PENDIENTE","PENDIENTE","PENDIENTE","PENDIENTE","PENDIENTE","PENDIENTE","PENDIENTE","PENDIENTE","PENDIENTE","PENDIENTE",""
"HES-24","","","","","PENDIENTE","PENDIENTE","PENDIENTE","PENDIENTE","PENDIENTE","PENDIENTE","PENDIENTE","PENDIENTE","PENDIENTE","PENDIENTE",""
"HES-25","","","","","PENDIENTE","PENDIENTE","PENDIENTE","PENDIENTE","PENDIENTE","PENDIENTE","PENDIENTE","PENDIENTE","PENDIENTE","PENDIENTE",""
"HES-26","","","","","PENDIENTE","PENDIENTE","PENDIENTE","PENDIENTE","PENDIENTE","PENDIENTE","PENDIENTE","PENDIENTE","PENDIENTE","PENDIENTE",""
"HES-27","","","","","PENDIENTE","PENDIENTE","PENDIENTE","PENDIENTE","PENDIENTE","PENDIENTE","PENDIENTE","PENDIENTE","PENDIENTE","PENDIENTE",""
"HES-28","","","","","PENDIENTE","PENDIENTE","PENDIENTE","PENDIENTE","PENDIENTE","PENDIENTE","PENDIENTE","PENDIENTE","PENDIENTE","PENDIENTE",""
"HES-29","","","","","PENDIENTE","PENDIENTE","PENDIENTE","PENDIENTE","PENDIENTE","PENDIENTE","PENDIENTE","PENDIENTE","PENDIENTE","PENDIENTE",""
"HES-30","","","","","PENDIENTE","PENDIENTE","PENDIENTE","PENDIENTE","PENDIENTE","PENDIENTE","PENDIENTE","PENDIENTE","PENDIENTE","PENDIENTE",""
"HES-31","","","","","PENDIENTE","PENDIENTE","PENDIENTE","PENDIENTE","PENDIENTE","PENDIENTE","PENDIENTE","PENDIENTE","PENDIENTE","PENDIENTE",""
"HES-32","","","","","PENDIENTE","PENDIENTE","PENDIENTE","PENDIENTE","PENDIENTE","PENDIENTE","PENDIENTE","PENDIENTE","PENDIENTE","PENDIENTE",""
"HES-33","","","","","PENDIENTE","PENDIENTE","PENDIENTE","PENDIENTE","PENDIENTE","PENDIENTE","PENDIENTE","PENDIENTE","PENDIENTE","PENDIENTE",""
"HES-34","","","","","PENDIENTE","PENDIENTE","PENDIENTE","PENDIENTE","PENDIENTE","PENDIENTE","PENDIENTE","PENDIENTE","PENDIENTE","PENDIENTE",""
"HES-35","","","","","PENDIENTE","PENDIENTE","PENDIENTE","PENDIENTE","PENDIENTE","PENDIENTE","PENDIENTE","PENDIENTE","PENDIENTE","PENDIENTE",""
"HES-36","","","","","PENDIENTE","PENDIENTE","PENDIENTE","PENDIENTE","PENDIENTE","PENDIENTE","PENDIENTE","PENDIENTE","PENDIENTE","PENDIENTE",""
"HES-37","","","","","PENDIENTE","PENDIENTE","PENDIENTE","PENDIENTE","PENDIENTE","PENDIENTE","PENDIENTE","PENDIENTE","PENDIENTE","PENDIENTE",""
"HES-38","","","","","PENDIENTE","PENDIENTE","PENDIENTE","PENDIENTE","PENDIENTE","PENDIENTE","PENDIENTE","PENDIENTE","PENDIENTE","PENDIENTE",""
"HES-39","","","","","PENDIENTE","PENDIENTE","PENDIENTE","PENDIENTE","PENDIENTE","PENDIENTE","PENDIENTE","PENDIENTE","PENDIENTE","PENDIENTE",""
"HES-40","","","","","PENDIENTE","PENDIENTE","PENDIENTE","PENDIENTE","PENDIENTE","PENDIENTE","PENDIENTE","PENDIENTE","PENDIENTE","PENDIENTE",""
"HES-41","","","","","PENDIENTE","PENDIENTE","PENDIENTE","PENDIENTE","PENDIENTE","PENDIENTE","PENDIENTE","PENDIENTE","PENDIENTE","PENDIENTE",""
"HES-42","","","","","PENDIENTE","PENDIENTE","PENDIENTE","PENDIENTE","PENDIENTE","PENDIENTE","PENDIENTE","PENDIENTE","PENDIENTE","PENDIENTE",""
"HES-43","","","","","PENDIENTE","PENDIENTE","PENDIENTE","PENDIENTE","PENDIENTE","PENDIENTE","PENDIENTE","PENDIENTE","PENDIENTE","PENDIENTE",""
"HES-44","","","","","PENDIENTE","PENDIENTE","PENDIENTE","PENDIENTE","PENDIENTE","PENDIENTE","PENDIENTE","PENDIENTE","PENDIENTE","PENDIENTE",""
"HES-45","","","","","PENDIENTE","PENDIENTE","PENDIENTE","PENDIENTE","PENDIENTE","PENDIENTE","PENDIENTE","PENDIENTE","PENDIENTE","PENDIENTE",""
"HES-46","","","","","PENDIENTE","PENDIENTE","PENDIENTE","PENDIENTE","PENDIENTE","PENDIENTE","PENDIENTE","PENDIENTE","PENDIENTE","PENDIENTE",""
"HES-47","","","","","PENDIENTE","PENDIENTE","PENDIENTE","PENDIENTE","PENDIENTE","PENDIENTE","PENDIENTE","PENDIENTE","PENDIENTE","PENDIENTE",""
"HES-48","","","","","PENDIENTE","PENDIENTE","PENDIENTE","PENDIENTE","PENDIENTE","PENDIENTE","PENDIENTE","PENDIENTE","PENDIENTE","PENDIENTE",""
"HES-49","","","","","PENDIENTE","PENDIENTE","PENDIENTE","PENDIENTE","PENDIENTE","PENDIENTE","PENDIENTE","PENDIENTE","PENDIENTE","PENDIENTE",""
"HES-50","","","","","PENDIENTE","PENDIENTE","PENDIENTE","PENDIENTE","PENDIENTE","PENDIENTE","PENDIENTE","PENDIENTE","PENDIENTE","PENDIENTE",""
